proxy_zip,school,year,annual_change_pct,fhfa_hpi_native_base,fhfa_hpi_1990_base,fhfa_hpi_2000_base,index_2022_eq_100,cumulative_growth_since_2022_pct,zip_code,short_name,hpi
92115,SDSU,2024,5.88,2390.75,554.43,411.63,112.92,12.917649640642992,92115,SDSU,2390.75
92122,UCSD,2024,37.35,3053.36,587.34,435.06,142.25,42.250850117708616,92122,UCSD,3053.36
92110,USD,2024,2.86,1962.38,510.47,390.62,115.87,15.86971998101565,92110,USD,1962.38
